/* ~~~~~~~~~~~~~~~~~~~~~~~~~~~~~~~~~~~~~~~~~~~~~~~~~~~~~~~~~~~~~~~~~~~~~~~~~~~~~~~~~~~~~~~~~~~~~~~~~~ */
/* ~~~~~~~~~~~~~~~~~~~~~~~~~~~~~~~~~~~~~~~~~~~~~~~~~~~~~~~~~~~~~~~~~~~~~~~~~~~~~~~~~~~~~~~~~~~~~~~~~~ */
INSERT INTO BANK VALUES( 'National Australia Bank', 'Australia', 'Sydney', 'Fitzwater St.', 25, 'www.nab.com.au', 'nab@nab.com.au', 'commercial' );
INSERT INTO BANK VALUES( 'National China Bank', 'China', 'Zhongshan', 'Beiyuanlu', 17, 'www.ncb.boc.cn', '139@back of China.com', 'central' );
INSERT INTO BANK VALUES( 'National China Construction Bank', 'China', 'Guangzhou', 'Baiyulu.', 30, 'www.construction.gz.cn', 'js@construction-bank.com', 'construction' );
INSERT INTO BANK VALUES( 'China Merchants Bank', 'China', 'Dongguan', 'Tangxia Huayuan St.', 10, 'www.merchant.dong.cn', 'zs@ellechina.com', 'investment' );
INSERT INTO BANK VALUES( 'China Industrial Bank', 'China', 'Shanghai', 'Pudong St.', 2, 'www.bank-industrial.shanghai.cn', 'cib@.com.cn', 'commercial' );
INSERT INTO BANK VALUES( 'City Bank of New York', 'USA', 'New York', '125 St.', 3, 'www.citybank.com', 'citybank@newyork.com.usa', 'commercial' );
INSERT INTO BANK VALUES( 'National Fuji Bank', 'Japan', 'Tokyo', 'Harabura St.', 25, 'www.fuji.com.jp', 'hara@fuji.com.jp', 'commercial' );
INSERT INTO BANK VALUES( 'National AK Bars  Bank', 'Russia', 'Moscow', 'Tverskaya St.', 9, 'www.ak.com.russia', 'ak@ak.com.russia', 'investment' );
INSERT INTO BANK VALUES( 'National Royal Bank', 'USA', 'Chicago', '118th St.', 25, 'www.royal.com', 'royal@royal back.com.au', 'industrial' );
INSERT INTO BANK VALUES( 'Agricultural Bank of China', 'China', 'Changsha', 'Changsha Lu.', 10, 'www.ab.com.cn', 'agriculturalback@ab.com', 'commercial' );
INSERT INTO BANK VALUES( 'National American Savings Bank', 'USA', 'Hawaii', 'Kuakini St.', 96, 'www.saving.com.usa', 'savingbank@hw.com', 'commercial' );
INSERT INTO BANK VALUES( 'National Banco BPM Bank', 'Italy', 'Milan', 'Sforza Ave.', 16, 'www.bmp.com.', 'bmp@bmp.com', 'commercial' );
INSERT INTO BANK VALUES( 'National Bank BPS', 'Poland', 'Warsaw', 'Opolskie St.', 19, 'www.bps.com.pl', 'bps@bps.com', 'commercial' );
INSERT INTO BANK VALUES( 'National Bank of Tokyo', 'Japan', 'Osaka', 'Shiba St.', 33, 'www.ufj.com.jp', 'ufj@ufj.com.jp', 'commercial' );
INSERT INTO BANK VALUES( 'National Tokai Bank', 'Japan', 'Hikkaid', 'Kyouto St.', 25, 'www.hikkaid.com.jp', 'hikkaid@ky.com.jp', 'central' );
INSERT INTO BANK VALUES( 'National Daiwa Bank', 'Japan', 'Amri', 'Kanagawa St.', 25, 'www.amri.com.jp', 'hikki@amri.com.jp', 'commercial' );
INSERT INTO BANK VALUES( 'National Swiss  Bank Corp', 'Switzerland','Geneva', 'www.swiss.com.ch.', 161, 'www.swiss.com.ch', 'gz@swiss.com.ch', 'industrial' );
INSERT INTO BANK VALUES( 'National Banco do Brasil', 'Brasil', 'Brasilia', 'Avenida Paulista', 2, 'www.bb.com.br', 'bb@banco.com.br', 'commercial' );
INSERT INTO BANK VALUES( 'National Westminster Bank', 'UK', 'London', 'Regent St.', 25, 'www.natwest.com.uk', 'natwest@natwest.com.uk', 'commercial' );
INSERT INTO BANK VALUES( 'National Royal Bank of Canada', 'Canada', 'Ottawa', 'Albert St.', 9, 'www.rbroyalbank.com.cn', 'royalbank@royalbank.com.cn', 'central' );
INSERT INTO BANK VALUES( 'China Construction Bank', 'China', 'Beijing', 'Weiwei St.', 7, 'www.construction.com.cn', 'mail@construction.com.cn','construction' );

/* ~~~~~~~~~~~~~~~~~~~~~~~~~~~~~~~~~~~~~~~~~~~~~~~~~~~~~~~~~~~~~~~~~~~~~~~~~~~~~~~~~~~~~~~~~~~~~~~~~~ */

 INSERT INTO BRANCH VALUES( 'National Australia Bank', 'Central', 'Australia', 'Sydney', 'Station St.', 25, 100 );
 INSERT INTO BRANCH VALUES( 'National Australia Bank', 'University', 'Australia', 'Wollongong', 'Northfields Ave.', 10, 25 );
 INSERT INTO BRANCH VALUES( 'National China Bank', 'Taifeng', 'China', 'Zhongshan', 'Taifeng St.', 3, 25 );
 INSERT INTO BRANCH VALUES( 'National China Bank', 'Sanxiang', 'China', 'Zhongshan', 'Baoyuan St.', 11, 25 );
 INSERT INTO BRANCH VALUES( 'National China Bank', 'Banfu', 'China', 'Zhongshan', 'Yongkang St.', 1, 25 );
 INSERT INTO BRANCH VALUES( 'China Construction Bank', 'Xiaolan', 'China', 'Zhongshan', 'Beiyuanlu St.', 17, 30 );
 INSERT INTO BRANCH VALUES( 'China Construction Bank', 'Guzhen', 'China', 'Zhongshan', 'Beihailu Rd.', 11, 20 );
 INSERT INTO BRANCH VALUES( 'China Construction Bank', 'Shaxi', 'China', 'Zhongshan', 'Shaxilu Rd.', 6, 25 );
 INSERT INTO BRANCH VALUES( 'China Merchants Bank', 'Tangxia', 'China', 'Dongguan', 'Puxing St.', 13, 36 );
 INSERT INTO BRANCH VALUES( 'China Merchants Bank', 'Fenggang', 'China', 'Dongguan', 'Fengsan St.', 29, 29 );
 INSERT INTO BRANCH VALUES( 'China Merchants Bank', 'Lincun', 'China', 'Dongguan', 'Lincun St.', 12, 26 );
 INSERT INTO BRANCH VALUES( 'China Industrial Bank', 'Pudong', 'China', 'Shanghai', 'Pudonglu Rd.', 25, 25 );
 INSERT INTO BRANCH VALUES( 'China Industrial Bank', 'Tianxin', 'China', 'Changsha', 'Tianxinlu Ave.', 22, 26 );
 INSERT INTO BRANCH VALUES( 'China Industrial Bank', 'City', 'China', 'Shanghai', 'Pudonglu Rd.', 800, 50 );
 INSERT INTO BRANCH VALUES( 'City Bank of New York', 'New York', 'USA', 'New York', 'Wall St.', 9, 100 );
 INSERT INTO BRANCH VALUES( 'City Bank of New York', 'Broadway', 'USA', 'New York', 'Broadway St.', 11, 60 );
 INSERT INTO BRANCH VALUES( 'City Bank of New York', 'Casino', 'USA', 'Miami', 'Winston Ave.', 23, 35 );
 INSERT INTO BRANCH VALUES( 'National Fuji Bank', 'University', 'Japan', 'Tokyo', 'Harabura St.', 25, 60 );
 INSERT INTO BRANCH VALUES( 'National Fuji Bank', 'Akihabara', 'Japan', 'Tokyo', 'Akihabara Rd.', 13, 66 );
 INSERT INTO BRANCH VALUES( 'National Fuji Bank', 'Ginnza', 'Japan', 'Tokyo', 'Ginza Pl.', 10, 77 );
 INSERT INTO BRANCH VALUES( 'National AK Bars  Bank', 'Red October', 'Russia', 'Moscow', 'Tverskaya St.', 65, 90 );
 INSERT INTO BRANCH VALUES( 'National AK Bars  Bank', 'Smirnow', 'Russia', 'Sankt Petersburg', 'Liewa St.', 36, 62 ); 
 INSERT INTO BRANCH VALUES( 'National Royal Bank', 'Park', 'USA', 'Chicago', '118th St.', 25, 68 );
 INSERT INTO BRANCH VALUES( 'National Royal Bank', 'University', 'Canada', 'Ottawa', 'Albert St.', 33, 71 );
 INSERT INTO BRANCH VALUES( 'National Royal Bank', 'Station', 'Canada', 'Halifax', 'Yonge St.', 22, 68 );
 INSERT INTO BRANCH VALUES( 'Agricultural Bank of China', 'University', 'China', 'Changsha', 'Changsha St.', 10, 50 );
 INSERT INTO BRANCH VALUES( 'Agricultural Bank of China', 'Dingcheng', 'China', 'Changde', 'Dingchenglu Rd.', 19, 55 );
 INSERT INTO BRANCH VALUES( 'Agricultural Bank of China', 'Yiyang', 'China', 'Changsha', 'Tangyuan St.', 2, 25 );
 INSERT INTO BRANCH VALUES( 'National Banco BPM Bank', 'Milan', 'Italy', 'Milan', 'Via Margherita', 16, 50 );
 INSERT INTO BRANCH VALUES( 'National Bank BPS', 'Piwna', 'Poland', 'Lodz', 'Labuda St.', 8, 80 );
 INSERT INTO BRANCH VALUES( 'National Bank of Tokyo', 'Sake', 'Japan', 'Osaka', 'Station St.', 12, 60 );
 INSERT INTO BRANCH VALUES( 'National Bank of Tokyo', 'Colonial', 'China', 'Hongkong', 'George St.', 32, 60 );
 INSERT INTO BRANCH VALUES( 'National Tokai Bank', 'Hikkaid', 'Japan', 'Hiroshima', 'Hokkien Ave.', 33, 60 );
 INSERT INTO BRANCH VALUES( 'National Daiwa Bank', 'Amri', 'Japan', 'Kyoto', 'Harata St', 36, 50 );
 INSERT INTO BRANCH VALUES( 'National Swiss  Bank Corp', 'Airport', 'Switzerland', 'Basel', 'Victory Ave.', 15, 30 );
 INSERT INTO BRANCH VALUES( 'National Swiss  Bank Corp', 'Lake', 'Switzerland', 'Geneva', 'Wilhelm Tell Ave.', 15, 30 );
 INSERT INTO BRANCH VALUES( 'National Banco do Brasil', 'Garrincha', 'Brasil', 'SaoPaulo', 'Avenida Paulista', 30, 50 );
 INSERT INTO BRANCH VALUES( 'National Westminster Bank', 'Station', 'United Kingdom', 'London', 'Station St.', 12, 30 );
 INSERT INTO BRANCH VALUES( 'National Royal Bank of Canada', 'Red Oak', 'Canada', 'Toronto', 'Northfields Ave.', 10, 25 );
 INSERT INTO BRANCH VALUES( 'National Royal Bank of Canada', 'University', 'Canada', 'Vancouver', 'Kingsway St.', 6, 60 );
 INSERT INTO BRANCH VALUES( 'National Royal Bank of Canada', 'River', 'Canada', 'Vancouver', 'Fraser St.', 19, 60 );

 /* ~~~~~~~~~~~~~~~~~~~~~~~~~~~~~~~~~~~~~~~~~~~~~~~~~~~~~~~~~~~~~~~~~~~~~~~~~~~~~~~~~~~~~~~~~~~~~~~~~~ */
  INSERT INTO EMPLOYEE VALUES( 1234444, 'Joan', 'D''Arc', TO_DATE('1976-03-14','YYYY-MM-DD'), 'expert', 'National Australia Bank', NULL, NULL, NULL );
 INSERT INTO EMPLOYEE VALUES( 0000067, 'John', 'Paul', TO_DATE('1962-04-13','YYYY-MM-DD'), 'expert', 'National Australia Bank', NULL, NULL, NULL );
 INSERT INTO EMPLOYEE VALUES( 1234567, 'Peter', 'Kroll', TO_DATE('1966-01-12','YYYY-MM-DD'), 'manager', 'National Australia Bank', 'Central', 'Australia', 'Sydney' );
 INSERT INTO EMPLOYEE VALUES( 4598777, 'John', 'Pain', TO_DATE('1968-02-13','YYYY-MM-DD'), 'manager', 'National Australia Bank', 'University', 'Australia', 'Wollongong' );

 INSERT INTO EMPLOYEE VALUES( 0221100, 'James', 'Bond', TO_DATE('1966-02-28','YYYY-MM-DD'), 'manager', 'National Royal Bank of Canada', 'River', 'Canada', 'Vancouver' );
 INSERT INTO EMPLOYEE VALUES( 0221101, 'Katherine', 'Thegreat', TO_DATE('1978-05-01','YYYY-MM-DD'), 'clerk', 'National Royal Bank of Canada', 'River', 'Canada', 'Vancouver' );
 INSERT INTO EMPLOYEE VALUES( 0221102, 'Alexander', 'Macedonian', TO_DATE('1989-03-23','YYYY-MM-DD'), 'clerk', 'National Royal Bank of Canada', 'River', 'Canada', 'Vancouver' );

 INSERT INTO EMPLOYEE VALUES( 8221100, 'Harry', 'Potter', TO_DATE('1980-01-13','YYYY-MM-DD'), 'manager', 'National Royal Bank of Canada', 'University', 'Canada', 'Vancouver' );
 INSERT INTO EMPLOYEE VALUES( 8221101, 'Festina', 'Lente', TO_DATE('1990-03-12','YYYY-MM-DD'), 'clerk', 'National Royal Bank of Canada', 'University', 'Canada', 'Vancouver' );
 INSERT INTO EMPLOYEE VALUES( 8221102, 'Giovanni', 'DeMedici', TO_DATE('1992-01-27','YYYY-MM-DD'), 'clerk', 'National Royal Bank of Canada', 'University', 'Canada', 'Vancouver' );
 INSERT INTO EMPLOYEE VALUES( 8221103, 'Luisa', 'DeMedici', TO_DATE('2001-12-31','YYYY-MM-DD'), 'security', 'National Royal Bank of Canada', 'University', 'Canada', 'Vancouver' );
 
 INSERT INTO EMPLOYEE VALUES( 4598777, 'Andrew', 'Smith', TO_DATE('1981-05-31','YYYY-MM-DD'), 'manager', 'National Royal Bank of Canada', 'River', 'Canada', 'Vancouver' );
 INSERT INTO EMPLOYEE VALUES( 4598778, 'Sophia', 'Lee', TO_DATE('1970-05-12','YYYY-MM-DD'), 'clerk', 'National Royal Bank of Canada', 'River', 'Canada', 'Vancouver' );
 INSERT INTO EMPLOYEE VALUES( 4598779, 'Sue', 'Brown', TO_DATE('1971-05-01','YYYY-MM-DD'), 'clerk', 'National Royal Bank of Canada', 'River', 'Canada', 'Vancouver' );
 
 INSERT INTO EMPLOYEE VALUES( 0000210, 'Ryan', 'Scott', TO_DATE('1981-05-31','YYYY-MM-DD'), 'manager', 'National Royal Bank of Canada', 'River', 'Canada', 'Vancouver' );
 INSERT INTO EMPLOYEE VALUES( 0000211, 'Yee', 'White', TO_DATE('1973-09-12','YYYY-MM-DD'), 'clerk', 'National Royal Bank of Canada', 'River', 'Canada', 'Vancouver' );
 INSERT INTO EMPLOYEE VALUES( 0000212, 'Hing', 'Williams', TO_DATE('1976-01-09','YYYY-MM-DD'), 'Customer servise', 'National Royal Bank of Canada', 'River', 'Canada', 'Vancouver' );
 
 INSERT INTO EMPLOYEE VALUES( 1023422, 'Billy', 'Lam', TO_DATE('1981-09-30','YYYY-MM-DD'), 'manager', 'National Banco do Brasil', 'Garrincha', 'Brasil', 'SaoPaulo' );
 INSERT INTO EMPLOYEE VALUES( 1023423, 'Bob', 'Garcia', TO_DATE('1986-02-22','YYYY-MM-DD'), 'clerk', 'National Banco do Brasil', 'Garrincha', 'Brasil', 'SaoPaulo' );
 INSERT INTO EMPLOYEE VALUES( 1023424, 'Carl', 'Votos', TO_DATE('1983-11-11','YYYY-MM-DD'), 'security', 'National Banco do Brasil', 'Garrincha', 'Brasil', 'SaoPaulo' );
 
 INSERT INTO EMPLOYEE VALUES( 8330012, 'Abel', 'Federer', TO_DATE('1971-02-02','YYYY-MM-DD'), 'manager', 'National Swiss  Bank Corp', 'Airport', 'Switzerland', 'Basel' );
 INSERT INTO EMPLOYEE VALUES( 8330013, 'Sally', 'Von', TO_DATE('1974-02-22','YYYY-MM-DD'), 'clerk', 'National Swiss  Bank Corp', 'Airport', 'Switzerland', 'Basel' );
 INSERT INTO EMPLOYEE VALUES( 8330014, 'Lile', 'Don', TO_DATE('1979-11-16','YYYY-MM-DD'), 'clerk', 'National Swiss  Bank Corp', 'Airport', 'Switzerland', 'Basel' );
 
 INSERT INTO EMPLOYEE VALUES( 7330012, 'Sue', 'Smythe', TO_DATE('1969-06-02','YYYY-MM-DD'), 'manager', 'National Swiss  Bank Corp', 'Lake', 'Switzerland', 'Geneva' );
 INSERT INTO EMPLOYEE VALUES( 7330013, 'Elva', 'Jnes', TO_DATE('1984-06-22','YYYY-MM-DD'), 'clerk', 'National Swiss  Bank Corp', 'Lake', 'Switzerland', 'Geneva' );
 INSERT INTO EMPLOYEE VALUES( 7330014, 'Hank', 'Wood', TO_DATE('1975-11-23','YYYY-MM-DD'), 'sucurity', 'National Swiss  Bank Corp', 'Lake', 'Switzerland', 'Geneva' );
  
 INSERT INTO EMPLOYEE VALUES( 2020213, 'Dick', 'Field', TO_DATE('1985-10-29','YYYY-MM-DD'), 'manager', 'National Daiwa Bank', 'Amri', 'Japan', 'Kyoto' );
 INSERT INTO EMPLOYEE VALUES( 2020214, 'Jane', 'Ford', TO_DATE('1981-12-23','YYYY-MM-DD'), 'clerk', 'National Daiwa Bank', 'Amri', 'Japan', 'Kyoto' ); 
 INSERT INTO EMPLOYEE VALUES( 2020215, 'Tree', 'Tree', TO_DATE('1975-01-26','YYYY-MM-DD'), 'clerk', 'National Daiwa Bank', 'Amri', 'Japan', 'Kyoto' );
 
 INSERT INTO EMPLOYEE VALUES( 0001220, 'Ian', 'Yanamoto', TO_DATE('1980-05-11','YYYY-MM-DD'), 'manager', 'National Tokai Bank', 'Hikkaid', 'Japan', 'Hiroshima' );
 INSERT INTO EMPLOYEE VALUES( 0001221, 'Ivy', 'Takati', TO_DATE('1983-10-04','YYYY-MM-DD'), 'clerk', 'National Tokai Bank', 'Hikkaid', 'Japan', 'Hiroshima' );
 INSERT INTO EMPLOYEE VALUES( 0001222, 'Pearl', 'Zhou', TO_DATE('1981-06-10','YYYY-MM-DD'), 'clerk', 'National Tokai Bank', 'Hikkaid', 'Japan', 'Hiroshima' );
 
 INSERT INTO EMPLOYEE VALUES( 5223300, 'Alan', 'Huang', TO_DATE('1983-04-19','YYYY-MM-DD'), 'manager', 'National Bank of Tokyo', 'Colonial', 'China', 'Hongkong' );
 INSERT INTO EMPLOYEE VALUES( 5223301, 'May', 'Chen', TO_DATE('1973-02-11','YYYY-MM-DD'), 'clerk', 'National Bank of Tokyo', 'Colonial', 'China', 'Hongkong' );
 INSERT INTO EMPLOYEE VALUES( 5223302, 'Susan', 'Huan', TO_DATE('1976-07-16','YYYY-MM-DD'), 'clerk', 'National Bank of Tokyo', 'Colonial', 'China', 'Hongkong' );
 
 INSERT INTO EMPLOYEE VALUES( 4223300, 'Glen', 'Ito', TO_DATE('1973-09-13','YYYY-MM-DD'), 'manager', 'National Bank of Tokyo', 'Sake', 'Japan', 'Osaka' );
 INSERT INTO EMPLOYEE VALUES( 4223301, 'Clin', 'Suzuki', TO_DATE('1993-03-10','YYYY-MM-DD'), 'clerk', 'National Bank of Tokyo', 'Sake', 'Japan', 'Osaka' );
 INSERT INTO EMPLOYEE VALUES( 4223302, 'Bella', 'Watanabe', TO_DATE('1983-03-19','YYYY-MM-DD'), 'clerk', 'National Bank of Tokyo', 'Sake', 'Japan', 'Osaka' );
 
 INSERT INTO EMPLOYEE VALUES( 0223400, 'Elison', 'Wei', TO_DATE('1971-05-23','YYYY-MM-DD'), 'manager', 'National Bank BPS', 'Piwna', 'Poland', 'Lodz' );
 INSERT INTO EMPLOYEE VALUES( 0223402, 'Penny', 'Sun', TO_DATE('1991-02-12','YYYY-MM-DD'), 'clerk', 'National Bank BPS', 'Piwna', 'Poland', 'Lodz' );
 INSERT INTO EMPLOYEE VALUES( 0223403, 'Alan', 'Qian', TO_DATE('1981-01-03','YYYY-MM-DD'), 'security', 'National Bank BPS', 'Piwna', 'Poland', 'Lodz' );
 
 INSERT INTO EMPLOYEE VALUES( 3412567, 'George', 'Russo', TO_DATE('1972-01-03','YYYY-MM-DD'), 'manager', 'National Banco BPM Bank', 'Milan', 'Italy', 'Milan' );
 INSERT INTO EMPLOYEE VALUES( 3412568, 'Jack', 'Ferrari', TO_DATE('1982-01-03','YYYY-MM-DD'), 'clerk', 'National Banco BPM Bank', 'Milan', 'Italy', 'Milan' );
 INSERT INTO EMPLOYEE VALUES( 3412569, 'Colin', 'Esposito', TO_DATE('1992-01-03','YYYY-MM-DD'), 'clerk', 'National Banco BPM Bank', 'Milan', 'Italy', 'Milan' );
 
 INSERT INTO EMPLOYEE VALUES( 2233255, 'Lilly', 'Lin', TO_DATE('1978-09-03','YYYY-MM-DD'), 'manager', 'Agricultural Bank of China', 'Yiyang', 'China', 'Changsha' );
 INSERT INTO EMPLOYEE VALUES( 2233256, 'Sara', 'Xu', TO_DATE('1978-06-09','YYYY-MM-DD'), 'clerk', 'Agricultural Bank of China', 'Yiyang', 'China','Changsha' );
 
 INSERT INTO EMPLOYEE VALUES( 2223325, 'Susan', 'Yang', TO_DATE('1988-09-03','YYYY-MM-DD'), 'manager', 'Agricultural Bank of China', 'Dingcheng', 'China', 'Changde' );
 INSERT INTO EMPLOYEE VALUES( 2223326, 'Flower', 'Zhao', TO_DATE('1978-03-03','YYYY-MM-DD'), 'clerk', 'Agricultural Bank of China', 'Dingcheng', 'China', 'Changde' );
 INSERT INTO EMPLOYEE VALUES( 2223327, 'Flower', 'Zhao', TO_DATE('1979-06-03','YYYY-MM-DD'), 'clerk', 'Agricultural Bank of China', 'Dingcheng', 'China', 'Changde' );
 
 INSERT INTO EMPLOYEE VALUES( 4223325, 'Sally', 'Li', TO_DATE('1988-05-03','YYYY-MM-DD'), 'manager', 'Agricultural Bank of China', 'University', 'China', 'Changsha' );
 INSERT INTO EMPLOYEE VALUES( 4223326, 'Carol', 'Wu', TO_DATE('1988-05-03','YYYY-MM-DD'), 'security', 'Agricultural Bank of China', 'University', 'China', 'Changsha' );
 
 INSERT INTO EMPLOYEE VALUES( 5223325, 'Duke', 'Smith', TO_DATE('1989-05-03','YYYY-MM-DD'), 'manager', 'National Royal Bank', 'Station', 'Canada', 'Halifax' );
 INSERT INTO EMPLOYEE VALUES( 5223326, 'Jack', 'White', TO_DATE('1976-09-01','YYYY-MM-DD'), 'clerk', 'National Royal Bank', 'Station', 'Canada', 'Halifax' );
 INSERT INTO EMPLOYEE VALUES( 5223327, 'Hank', 'Lee', TO_DATE('1976-05-09','YYYY-MM-DD'), 'security', 'National Royal Bank', 'Station', 'Canada', 'Halifax' );
 
 INSERT INTO EMPLOYEE VALUES( 6223325, 'Henry', 'Anderson', TO_DATE('1979-08-09','YYYY-MM-DD'), 'manager', 'National Royal Bank', 'University', 'Canada', 'Ottawa' );
 INSERT INTO EMPLOYEE VALUES( 6223326, 'Colin', 'Thomas', TO_DATE('1981-08-29','YYYY-MM-DD'), 'clerk', 'National Royal Bank', 'University', 'Canada', 'Ottawa' );
 INSERT INTO EMPLOYEE VALUES( 6223327, 'Henry', 'Anderson', TO_DATE('1991-08-09','YYYY-MM-DD'), 'clerk', 'National Royal Bank', 'University', 'Canada', 'Ottawa' );
 
 INSERT INTO EMPLOYEE VALUES( 2255554, 'Cary', 'Johnson', TO_DATE('1989-08-09','YYYY-MM-DD'), 'manager', 'National Royal Bank', 'Park', 'USA', 'Chicago' );
 INSERT INTO EMPLOYEE VALUES( 2255555, 'Alan', 'Smith', TO_DATE('1969-11-09','YYYY-MM-DD'), 'clerk', 'National Royal Bank', 'Park', 'USA', 'Chicago' );
 INSERT INTO EMPLOYEE VALUES( 2255556, 'James', 'Kato', TO_DATE('1980-03-09','YYYY-MM-DD'), 'clerk', 'National Royal Bank', 'Park', 'USA', 'Chicago' );
 
 INSERT INTO EMPLOYEE VALUES( 1255554, 'Adam', 'Johnson', TO_DATE('1979-08-09','YYYY-MM-DD'), 'manager', 'National AK Bars  Bank', 'Smirnow', 'Russia', 'Sankt Petersburg' );
 INSERT INTO EMPLOYEE VALUES( 1255555, 'Gavin', 'Johnson', TO_DATE('1986-08-02','YYYY-MM-DD'), 'clerk', 'National AK Bars  Bank', 'Smirnow', 'Russia', 'Sankt Petersburg' );
 INSERT INTO EMPLOYEE VALUES( 1255556, 'Evan', 'Johnson', TO_DATE('1976-03-02','YYYY-MM-DD'), 'security', 'National AK Bars  Bank', 'Smirnow', 'Russia', 'Sankt Petersburg' );
 
 INSERT INTO EMPLOYEE VALUES( 0152433, 'Elvis', 'Johnson', TO_DATE('1972-08-15','YYYY-MM-DD'), 'manager', 'National AK Bars  Bank', 'Red October', 'Russia', 'Moscow' );
 INSERT INTO EMPLOYEE VALUES( 0152434, 'Blake', 'Johnson', TO_DATE('1976-02-15','YYYY-MM-DD'), 'clerk', 'National AK Bars  Bank', 'Red October', 'Russia', 'Moscow' );
 
 INSERT INTO EMPLOYEE VALUES( 0121611, 'George', 'Kato', TO_DATE('1973-08-15','YYYY-MM-DD'), 'manager', 'National Fuji Bank', 'Ginnza', 'Japan', 'Tokyo' );
 INSERT INTO EMPLOYEE VALUES( 0121612, 'Henry', 'Aoki', TO_DATE('1983-08-15','YYYY-MM-DD'), 'clerk', 'National Fuji Bank', 'Ginnza', 'Japan', 'Tokyo' );
 
 INSERT INTO EMPLOYEE VALUES( 1121611, 'Ivan', 'Wada', TO_DATE('1993-08-05','YYYY-MM-DD'), 'manager', 'National Fuji Bank', 'Akihabara', 'Japan', 'Tokyo' );
 INSERT INTO EMPLOYEE VALUES( 1121612, 'Ivan', 'Wada', TO_DATE('1973-06-05','YYYY-MM-DD'), 'clerk', 'National Fuji Bank', 'Akihabara', 'Japan', 'Tokyo' );
 
 INSERT INTO EMPLOYEE VALUES( 8121611, 'Elison', 'Saito', TO_DATE('1973-08-05','YYYY-MM-DD'), 'manager', 'National Fuji Bank', 'Akihabara', 'Japan', 'Tokyo' );
 INSERT INTO EMPLOYEE VALUES( 8121612, 'David', 'Sasaki', TO_DATE('1979-08-10','YYYY-MM-DD'), 'clerk', 'National Fuji Bank', 'Akihabara', 'Japan', 'Tokyo' );
 
 INSERT INTO EMPLOYEE VALUES( 1620055, 'Harry', 'Brown', TO_DATE('1978-12-05','YYYY-MM-DD'), 'manager', 'City Bank of New York', 'New York', 'USA', 'New York' );
 INSERT INTO EMPLOYEE VALUES( 1620056, 'Nancy', 'Miller', TO_DATE('1984-12-20','YYYY-MM-DD'), 'clerk', 'City Bank of New York', 'New York', 'USA', 'New York' );
 
 INSERT INTO EMPLOYEE VALUES( 2345678, 'Gavin', 'Martinson', TO_DATE('1976-12-05','YYYY-MM-DD'), 'manager', 'City Bank of New York', 'Broadway', 'USA', 'New York' );
 INSERT INTO EMPLOYEE VALUES( 2345679, 'Black', 'Johnson', TO_DATE('1977-01-05','YYYY-MM-DD'), 'clerk', 'City Bank of New York', 'Broadway', 'USA', 'New York' );
 
 INSERT INTO EMPLOYEE VALUES( 1124466, 'George', 'Martinson', TO_DATE('1976-03-05','YYYY-MM-DD'), 'manager', 'City Bank of New York', 'New York', 'USA', 'New York' );
 INSERT INTO EMPLOYEE VALUES( 1124467, 'Adam', 'Williams', TO_DATE('1986-03-15','YYYY-MM-DD'), 'clerk', 'City Bank of New York', 'New York', 'USA', 'New York' );
 
 INSERT INTO EMPLOYEE VALUES( 2341516, 'Ryan', 'Wang', TO_DATE('1979-03-05','YYYY-MM-DD'), 'manager', 'China Industrial Bank', 'Pudong', 'China', 'Shanghai' );
 INSERT INTO EMPLOYEE VALUES( 2341517, 'Jane', 'Feng', TO_DATE('1983-03-10','YYYY-MM-DD'), 'clerk', 'China Industrial Bank', 'Pudong', 'China', 'Shanghai' );
 
 INSERT INTO EMPLOYEE VALUES( 5621516, 'Ryan', 'Wang', TO_DATE('1985-09-05','YYYY-MM-DD'), 'manager', 'China Industrial Bank', 'Tianxin', 'China', 'Changsha' );
 INSERT INTO EMPLOYEE VALUES( 5621517, 'May', 'Chen', TO_DATE('1983-09-10','YYYY-MM-DD'), 'clerk', 'China Industrial Bank', 'Tianxin', 'China', 'Changsha' );
 
 INSERT INTO EMPLOYEE VALUES( 7121516, 'Tracy', 'Wang', TO_DATE('1975-09-15','YYYY-MM-DD'), 'manager', 'China Industrial Bank', 'City', 'China', 'Shanghai' );
 INSERT INTO EMPLOYEE VALUES( 7121517, 'Billy', 'xu', TO_DATE('1989-10-15','YYYY-MM-DD'), 'clerk', 'China Industrial Bank', 'City', 'China', 'Shanghai' );
 
 INSERT INTO EMPLOYEE VALUES( 5323266, 'Maggie', 'Jiang', TO_DATE('1971-06-15','YYYY-MM-DD'), 'manager', 'China Merchants Bank', 'Lincun', 'China', 'Dongguan' );
 INSERT INTO EMPLOYEE VALUES( 5323267, 'Yee', 'Zhang', TO_DATE('1972-11-15','YYYY-MM-DD'), 'clerk', 'China Merchants Bank', 'Lincun', 'China', 'Dongguan' );
 
 INSERT INTO EMPLOYEE VALUES( 3423266, 'Jackson', 'Yuan', TO_DATE('1976-06-20','YYYY-MM-DD'), 'manager', 'China Merchants Bank', 'Fenggang', 'China', 'Dongguan' );
 INSERT INTO EMPLOYEE VALUES( 3423267, 'Wendy', 'Zhou', TO_DATE('1980-09-21','YYYY-MM-DD'), 'clerk', 'China Merchants Bank', 'Fenggang', 'China', 'Dongguan' );
 
 INSERT INTO EMPLOYEE VALUES( 3233266, 'Ross', 'Wei', TO_DATE('1979-03-20','YYYY-MM-DD'), 'manager', 'China Merchants Bank', 'Tangxia', 'China', 'Dongguan' );
 INSERT INTO EMPLOYEE VALUES( 3233267, 'Vivian', 'Zhong', TO_DATE('1983-03-18','YYYY-MM-DD'), 'clerk', 'China Merchants Bank', 'Tangxia', 'China', 'Dongguan' );
 
 INSERT INTO EMPLOYEE VALUES( 1111234, 'Christian', 'Huang', TO_DATE('1986-09-20','YYYY-MM-DD'), 'manager', 'China Construction Bank', 'Shaxi', 'China', 'Zhongshan' );
 INSERT INTO EMPLOYEE VALUES( 1111235, 'Sophia', 'Wei', TO_DATE('1976-05-20','YYYY-MM-DD'), 'clerk', 'China Construction Bank', 'Shaxi', 'China', 'Zhongshan' );
 
 INSERT INTO EMPLOYEE VALUES( 1111651, 'Markus', 'Duan', TO_DATE('1989-02-19','YYYY-MM-DD'), 'manager', 'China Construction Bank', 'Guzhen', 'China', 'Zhongshan' );
 INSERT INTO EMPLOYEE VALUES( 1111652, 'Mieke', 'Jiang', TO_DATE('1975-09-23','YYYY-MM-DD'), 'clerk', 'China Construction Bank', 'Guzhen', 'China', 'Zhongshan' );
 
 INSERT INTO EMPLOYEE VALUES( 1111777, 'Hans', 'Hu', TO_DATE('1982-06-19','YYYY-MM-DD'), 'manager', 'China Construction Bank', 'Xiaolan', 'China', 'Zhongshan' );
 INSERT INTO EMPLOYEE VALUES( 1111778, 'Tim', 'Xia', TO_DATE('1986-09-09','YYYY-MM-DD'), 'clerk', 'China Construction Bank', 'Xiaolan', 'China', 'Zhongshan' );
 
 INSERT INTO EMPLOYEE VALUES( 1234321, 'Luck', 'Lu', TO_DATE('1988-06-13','YYYY-MM-DD'), 'manager', 'National China Bank', 'Banfu', 'China', 'Zhongshan' );
 INSERT INTO EMPLOYEE VALUES( 1234322, 'Jeremy', 'Li', TO_DATE('1981-06-06','YYYY-MM-DD'), 'clerk', 'National China Bank', 'Banfu', 'China', 'Zhongshan' );
 
 INSERT INTO EMPLOYEE VALUES( 2352343, 'David', 'Qian', TO_DATE('1986-02-13','YYYY-MM-DD'), 'manager', 'National China Bank', 'Sanxiang', 'China', 'Zhongshan' );
 INSERT INTO EMPLOYEE VALUES( 2352344, 'Scott', 'Yuan', TO_DATE('1976-02-02','YYYY-MM-DD'), 'clerk', 'National China Bank', 'Sanxiang', 'China', 'Zhongshan' );
 
 INSERT INTO EMPLOYEE VALUES( 2326322, 'Alan', 'Xu', TO_DATE('1979-08-13','YYYY-MM-DD'), 'manager', 'National China Bank', 'Taifeng', 'China', 'Zhongshan' );
 INSERT INTO EMPLOYEE VALUES( 2326323, 'Amy', 'Zheng', TO_DATE('1970-03-03','YYYY-MM-DD'), 'security', 'National China Bank', 'Taifeng', 'China', 'Zhongshan' );
 
/* ~~~~~~~~~~~~~~~~~~~~~~~~~~~~~~~~~~~~~~~~~~~~~~~~~~~~~~~~~~~~~~~~~~~~~~~~~~~~~~~~~~~~~~~~~~~~~~~~~~ */

INSERT INTO ACCOUNT VALUES ( 0123456788, 'China Construction Bank', 12334.00, 'savings' );
INSERT INTO ACCOUNT VALUES ( 0123456789, 'China Construction Bank', 823.67, 'savings' );

INSERT INTO ACCOUNT VALUES ( 4123456788, 'National Australia Bank', 223.60, 'savings' );
INSERT INTO ACCOUNT VALUES ( 0123456779, 'National Australia Bank', 222.20, 'savings' );
INSERT INTO ACCOUNT VALUES ( 9123456689, 'National China Bank', 379.40, 'savings' );
INSERT INTO ACCOUNT VALUES ( 1123455701, 'National China Bank', 633.01, 'savings' );
INSERT INTO ACCOUNT VALUES ( 2123356710, 'National China Bank', 999.67, 'savings' );
INSERT INTO ACCOUNT VALUES ( 5122456739, 'China Construction Bank', 521.20, 'savings' );
INSERT INTO ACCOUNT VALUES ( 0313345681, 'China Construction Bank', 220.37, 'savings' );
INSERT INTO ACCOUNT VALUES ( 0593456725, 'China Construction Bank', 125.69, 'savings' );

INSERT INTO ACCOUNT VALUES ( 0963456721, 'China Merchants Bank', 323.57, 'loan' );
INSERT INTO ACCOUNT VALUES ( 2123453713, 'China Merchants Bank', 163.97, 'loan' );
INSERT INTO ACCOUNT VALUES ( 1153456711, 'China Merchants Bank', 193.11, 'loan' );

INSERT INTO ACCOUNT VALUES ( 9123456786, 'China Industrial Bank', 129.25, 'checking' );
INSERT INTO ACCOUNT VALUES ( 1193456783, 'China Industrial Bank', 923.55, 'checking' );
INSERT INTO ACCOUNT VALUES ( 0623456781, 'China Industrial Bank', 553.37, 'checking' );

INSERT INTO ACCOUNT VALUES ( 5023456739, 'City Bank of New York', 884.64, 'loan' );
INSERT INTO ACCOUNT VALUES ( 1123456789, 'City Bank of New York', 999.52, 'loan' );
INSERT INTO ACCOUNT VALUES ( 0823426784, 'City Bank of New York', 189.33, 'loan' );

INSERT INTO ACCOUNT VALUES ( 0123356784, 'National Fuji Bank', 177.60, 'savings' );
INSERT INTO ACCOUNT VALUES ( 0153456782, 'National Fuji Bank', 223.62, 'savings' );
INSERT INTO ACCOUNT VALUES ( 8123456781, 'National Fuji Bank', 835.25, 'savings' );

INSERT INTO ACCOUNT VALUES ( 5123456725, 'National AK Bars  Bank', 990.30, 'savings' );
INSERT INTO ACCOUNT VALUES ( 3123456712, 'National AK Bars  Bank', 985.28, 'savings' );

INSERT INTO ACCOUNT VALUES ( 0123456710, 'National Royal Bank', 225.14, 'checking' );
INSERT INTO ACCOUNT VALUES ( 4123456720, 'National Royal Bank', 378.17, 'checking' );
INSERT INTO ACCOUNT VALUES ( 9123456717, 'National Royal Bank', 898.26, 'checking' );

INSERT INTO ACCOUNT VALUES ( 1123456768, 'Agricultural Bank of China', 111.67, 'savings' );
INSERT INTO ACCOUNT VALUES ( 2123456703, 'Agricultural Bank of China', 147.69, 'savings' );
INSERT INTO ACCOUNT VALUES ( 6123456705, 'Agricultural Bank of China', 878.36, 'savings' );

INSERT INTO ACCOUNT VALUES ( 7123456719, 'National Banco BPM Bank', 975.35, 'loan' );
INSERT INTO ACCOUNT VALUES ( 0123456730, 'National Bank BPS', 986.98, 'savings' );
INSERT INTO ACCOUNT VALUES ( 3123456720, 'National Bank of Tokyo', 955.61, 'savings' );
INSERT INTO ACCOUNT VALUES ( 2223456770, 'National Bank of Tokyo', 555.87, 'savings' );
INSERT INTO ACCOUNT VALUES ( 2523456757, 'National Tokai Bank', 658.99, 'savings' );
INSERT INTO ACCOUNT VALUES ( 3623456728, 'National Daiwa Bank', 728.65, 'loan' );
INSERT INTO ACCOUNT VALUES ( 7823456713, 'National Swiss  Bank Corp', 566.85, 'loan' );
INSERT INTO ACCOUNT VALUES ( 7223456719, 'National Swiss  Bank Corp', 985.35, 'loan' );

INSERT INTO ACCOUNT VALUES ( 4123456730, 'National Banco do Brasil', 255.98, 'savings' );
INSERT INTO ACCOUNT VALUES ( 1123456712, 'National Westminster Bank', 333.11, 'savings' );
INSERT INTO ACCOUNT VALUES ( 6223456740, 'National Royal Bank of Canada', 174.27, 'savings' );
INSERT INTO ACCOUNT VALUES ( 2523456752, 'National Royal Bank of Canada', 185.19, 'savings' );
INSERT INTO ACCOUNT VALUES ( 3323456721, 'National Royal Bank of Canada', 366.60, 'savings' );

/* ~~~~~~~~~~~~~~~~~~~~~~~~~~~~~~~~~~~~~~~~~~~~~~~~~~~~~~~~~~~~~~~~~~~~~~~~~~~~~~~~~~~~~~~~~~~~~~~~~~ */

INSERT INTO TRANSACTION VALUES( 3323456721, 'National Royal Bank of Canada', TO_DATE('2021-01-20 12:44:09','YYYY-MM-DD HH24:MI:SS'), 100.00, 'deposit' );
INSERT INTO TRANSACTION VALUES( 3323456721, 'National Royal Bank of Canada', TO_DATE('2021-01-10 11:44:00','YYYY-MM-DD HH24:MI:SS'), 150.00, 'withdrawal' );
INSERT INTO TRANSACTION VALUES( 2523456752, 'National Royal Bank of Canada', TO_DATE('2020-03-23 10:44:07','YYYY-MM-DD HH24:MI:SS'), 1000.90, 'deposit' );

INSERT INTO TRANSACTION VALUES( 3323456721, 'National Royal Bank of Canada', TO_DATE('2021-01-20 10:25:00','YYYY-MM-DD HH24:MI:SS'), 100.00, 'deposit' );
INSERT INTO TRANSACTION VALUES( 3323456721, 'National Royal Bank of Canada', TO_DATE('2021-01-10 10:25:00','YYYY-MM-DD HH24:MI:SS'), 150.00, 'withdrawal' );
INSERT INTO TRANSACTION VALUES( 2523456752, 'National Royal Bank of Canada', TO_DATE('2020-03-23 10:25:00','YYYY-MM-DD HH24:MI:SS'), 1000.90, 'deposit' ); 
INSERT INTO TRANSACTION VALUES( 2523456752, 'National Royal Bank of Canada', TO_DATE('2020-07-10 10:25:00','YYYY-MM-DD HH24:MI:SS'), 500.00, 'withdrawal' );

INSERT INTO TRANSACTION VALUES( 6223456740, 'National Royal Bank of Canada', TO_DATE('2021-01-01 10:25:00','YYYY-MM-DD HH24:MI:SS'), 600.00, 'deposit' );
INSERT INTO TRANSACTION VALUES( 6223456740, 'National Royal Bank of Canada', TO_DATE('2021-01-10 10:25:00','YYYY-MM-DD HH24:MI:SS'), 700.00, 'deposit' );

INSERT INTO TRANSACTION VALUES( 1123456712, 'National Westminster Bank', TO_DATE('2020-01-01 10:25:00','YYYY-MM-DD HH24:MI:SS'), 12000.00, 'deposit' );
INSERT INTO TRANSACTION VALUES( 1123456712, 'National Westminster Bank', TO_DATE('2021-01-10 10:25:00','YYYY-MM-DD HH24:MI:SS'), 1000.00, 'withdrawal' );

INSERT INTO TRANSACTION VALUES( 4123456730, 'National Banco do Brasil', TO_DATE('2019-03-08 10:25:00','YYYY-MM-DD HH24:MI:SS'), 4000.00, 'deposit' );
INSERT INTO TRANSACTION VALUES( 4123456730, 'National Banco do Brasil', TO_DATE('2021-01-15 10:25:00','YYYY-MM-DD HH24:MI:SS'), 1000.00, 'withdrawal' );

INSERT INTO TRANSACTION VALUES( 7223456719, 'National Swiss  Bank Corp', TO_DATE('2019-06-01 10:25:00','YYYY-MM-DD HH24:MI:SS'), 4000.00, 'deposit' );
INSERT INTO TRANSACTION VALUES( 7223456719, 'National Swiss  Bank Corp', TO_DATE('2020-06-15 10:25:00','YYYY-MM-DD HH24:MI:SS'), 3000.00, 'withdrawal' );
 
INSERT INTO TRANSACTION VALUES( 7823456713, 'National Swiss  Bank Corp', TO_DATE('2019-02-09 10:25:00','YYYY-MM-DD HH24:MI:SS'), 4000.00, 'deposit' );
INSERT INTO TRANSACTION VALUES( 7823456713, 'National Swiss  Bank Corp', TO_DATE('2020-02-09 10:25:00','YYYY-MM-DD HH24:MI:SS'), 4000.00, 'withdrawal' );
 
INSERT INTO TRANSACTION VALUES( 3623456728, 'National Daiwa Bank', TO_DATE('2020-02-15 10:25:00','YYYY-MM-DD HH24:MI:SS'), 6000.00, 'deposit' );
INSERT INTO TRANSACTION VALUES( 3623456728, 'National Daiwa Bank', TO_DATE('2021-01-09 10:25:00','YYYY-MM-DD HH24:MI:SS'), 200.00, 'withdrawal' ); 

INSERT INTO TRANSACTION VALUES( 2523456757, 'National Tokai Bank', TO_DATE('2018-09-15 10:25:00','YYYY-MM-DD HH24:MI:SS'), 6000.00, 'deposit' );
INSERT INTO TRANSACTION VALUES( 2523456757, 'National Tokai Bank', TO_DATE('2021-01-15 10:25:00','YYYY-MM-DD HH24:MI:SS'), 3000.00, 'withdrawal' ); 

INSERT INTO TRANSACTION VALUES( 2223456770, 'National Bank of Tokyo', TO_DATE('2019-10-15 10:25:00','YYYY-MM-DD HH24:MI:SS'), 8000.00, 'deposit' );
INSERT INTO TRANSACTION VALUES( 2223456770, 'National Bank of Tokyo', TO_DATE('2020-01-15 10:25:00','YYYY-MM-DD HH24:MI:SS'), 2000.00, 'deposit' ); 

INSERT INTO TRANSACTION VALUES( 3123456720, 'National Bank of Tokyo', TO_DATE('2017-06-15 10:25:00','YYYY-MM-DD HH24:MI:SS'), 8000.00, 'deposit' );
INSERT INTO TRANSACTION VALUES( 3123456720, 'National Bank of Tokyo',TO_DATE( '2020-06-15 10:25:00','YYYY-MM-DD HH24:MI:SS'), 8000.00, 'withdrawal' ); 

INSERT INTO TRANSACTION VALUES( 0123456730, 'National Bank BPS', TO_DATE('2018-09-15 10:25:00','YYYY-MM-DD HH24:MI:SS'), 4000.00, 'deposit' );
INSERT INTO TRANSACTION VALUES( 0123456730, 'National Bank BPS', TO_DATE('2020-06-15 10:25:00','YYYY-MM-DD HH24:MI:SS'), 800.00, 'withdrawal' ); 

INSERT INTO TRANSACTION VALUES( 7123456719, 'National Banco BPM Bank', TO_DATE('2018-09-15 10:25:00','YYYY-MM-DD HH24:MI:SS'), 4000.00, 'deposit' );
INSERT INTO TRANSACTION VALUES( 7123456719, 'National Banco BPM Bank', TO_DATE('2020-06-15 10:25:00','YYYY-MM-DD HH24:MI:SS'), 800.00, 'withdrawal' ); 

INSERT INTO TRANSACTION VALUES( 6123456705, 'Agricultural Bank of China', TO_DATE('2016-06-15 10:25:00','YYYY-MM-DD HH24:MI:SS'), 5000.00, 'deposit' );
INSERT INTO TRANSACTION VALUES( 6123456705, 'Agricultural Bank of China', TO_DATE('2020-02-15 10:25:00','YYYY-MM-DD HH24:MI:SS'), 1000.00, 'withdrawal' ); 

INSERT INTO TRANSACTION VALUES( 2123456703, 'Agricultural Bank of China', TO_DATE('2015-09-20 10:25:00','YYYY-MM-DD HH24:MI:SS'), 5000.00, 'deposit' );
INSERT INTO TRANSACTION VALUES( 2123456703, 'Agricultural Bank of China', TO_DATE('2020-06-15 10:25:00','YYYY-MM-DD HH24:MI:SS'), 2000.00, 'withdrawal' ); 

INSERT INTO TRANSACTION VALUES( 1123456768, 'Agricultural Bank of China', TO_DATE('2015-09-20 10:25:00','YYYY-MM-DD HH24:MI:SS'), 5000.00, 'deposit' );
INSERT INTO TRANSACTION VALUES( 1123456768, 'Agricultural Bank of China', TO_DATE('2020-06-15 10:25:00','YYYY-MM-DD HH24:MI:SS'), 2000.00, 'withdrawal' ); 

INSERT INTO TRANSACTION VALUES( 9123456717, 'National Royal Bank', TO_DATE('2016-11-20 10:25:00','YYYY-MM-DD HH24:MI:SS'), 9000.00, 'deposit' );
INSERT INTO TRANSACTION VALUES( 9123456717, 'National Royal Bank', TO_DATE('2020-11-10 10:25:00','YYYY-MM-DD HH24:MI:SS'), 1000.00, 'withdrawal' ); 

INSERT INTO TRANSACTION VALUES( 4123456720, 'National Royal Bank', TO_DATE('2018-10-20 10:25:00','YYYY-MM-DD HH24:MI:SS'), 6000.00, 'deposit' );
INSERT INTO TRANSACTION VALUES( 4123456720, 'National Royal Bank', TO_DATE('2020-02-11 10:25:00','YYYY-MM-DD HH24:MI:SS'), 3000.00, 'withdrawal' ); 

INSERT INTO TRANSACTION VALUES( 0123456710, 'National Royal Bank', TO_DATE('2019-03-12 10:25:00','YYYY-MM-DD HH24:MI:SS'), 10000.00, 'deposit' );
INSERT INTO TRANSACTION VALUES( 0123456710, 'National Royal Bank', TO_DATE('2020-03-19 10:25:00','YYYY-MM-DD HH24:MI:SS'), 2000.00, 'withdrawal' ); 

INSERT INTO TRANSACTION VALUES( 3123456712, 'National AK Bars  Bank', TO_DATE('2015-09-03 10:25:00','YYYY-MM-DD HH24:MI:SS'), 10000.00, 'deposit' );
INSERT INTO TRANSACTION VALUES( 3123456712, 'National AK Bars  Bank', TO_DATE('2020-03-01 10:25:00','YYYY-MM-DD HH24:MI:SS'), 2000.00, 'withdrawal' ); 

INSERT INTO TRANSACTION VALUES( 5123456725, 'National AK Bars  Bank', TO_DATE('2016-06-13 10:25:00','YYYY-MM-DD HH24:MI:SS'), 20000.00, 'deposit' );
INSERT INTO TRANSACTION VALUES( 5123456725, 'National AK Bars  Bank', TO_DATE('2020-08-01','YYYY-MM-DD HH24:MI:SS'), 2000.00, 'withdrawal' );

INSERT INTO TRANSACTION VALUES( 8123456781, 'National Fuji Bank', TO_DATE('2019-03-23 10:25:00','YYYY-MM-DD HH24:MI:SS'), 20000.00, 'deposit' );
INSERT INTO TRANSACTION VALUES( 8123456781, 'National Fuji Bank', TO_DATE('2020-05-24 10:25:00','YYYY-MM-DD HH24:MI:SS'), 5000.00, 'withdrawal' ); 

INSERT INTO TRANSACTION VALUES( 0153456782, 'National Fuji Bank', TO_DATE('2018-01-10 10:25:00','YYYY-MM-DD HH24:MI:SS'), 12000.00, 'deposit' );
INSERT INTO TRANSACTION VALUES( 0153456782, 'National Fuji Bank', TO_DATE('2020-05-30 10:25:00','YYYY-MM-DD HH24:MI:SS'), 5000.00, 'withdrawal' ); 

INSERT INTO TRANSACTION VALUES( 0123356784, 'National Fuji Bank', TO_DATE('2015-01-30 10:25:00','YYYY-MM-DD HH24:MI:SS'), 20000.00, 'deposit' );
INSERT INTO TRANSACTION VALUES( 0123356784, 'National Fuji Bank', TO_DATE('2020-05-15 10:25:00','YYYY-MM-DD HH24:MI:SS'), 10000.00, 'withdrawal' ); 

INSERT INTO TRANSACTION VALUES( 0823426784, 'City Bank of New York', TO_DATE('2016-08-12 10:25:00','YYYY-MM-DD HH24:MI:SS'), 30000.00, 'deposit' );
INSERT INTO TRANSACTION VALUES( 0823426784, 'City Bank of New York', TO_DATE('2020-08-15 10:25:00','YYYY-MM-DD HH24:MI:SS'), 8000.00, 'withdrawal' );

INSERT INTO TRANSACTION VALUES( 1123456789, 'City Bank of New York', TO_DATE('2017-09-11 10:25:00','YYYY-MM-DD HH24:MI:SS'), 30000.00, 'deposit' );
INSERT INTO TRANSACTION VALUES( 1123456789, 'City Bank of New York', TO_DATE('2020-05-15 10:25:00','YYYY-MM-DD HH24:MI:SS'), 30000.00, 'withdrawal' );

INSERT INTO TRANSACTION VALUES( 5023456739, 'City Bank of New York', TO_DATE('2019-02-16 10:25:00','YYYY-MM-DD HH24:MI:SS'), 15000.00, 'deposit' );
INSERT INTO TRANSACTION VALUES( 5023456739, 'City Bank of New York', TO_DATE('2020-09-12 10:25:00','YYYY-MM-DD HH24:MI:SS'), 10000.00, 'deposit' );

INSERT INTO TRANSACTION VALUES( 0623456781, 'China Industrial Bank', TO_DATE('2016-02-16 10:25:00','YYYY-MM-DD HH24:MI:SS'), 40000.00, 'deposit' );
INSERT INTO TRANSACTION VALUES( 0623456781, 'China Industrial Bank', TO_DATE('2021-01-12 10:25:00','YYYY-MM-DD HH24:MI:SS'), 12000.00, 'withdrawal' );
 
INSERT INTO TRANSACTION VALUES( 1193456783, 'China Industrial Bank', TO_DATE('2018-06-19 10:25:00','YYYY-MM-DD HH24:MI:SS'), 10000.00, 'deposit' );
INSERT INTO TRANSACTION VALUES( 1193456783, 'China Industrial Bank', TO_DATE('2020-10-12 10:25:00','YYYY-MM-DD HH24:MI:SS'), 12000.00, 'deposit' ); 

INSERT INTO TRANSACTION VALUES( 9123456786, 'China Industrial Bank', TO_DATE('2016-03-12 10:25:00','YYYY-MM-DD HH24:MI:SS'), 10000.00, 'deposit' );
INSERT INTO TRANSACTION VALUES( 9123456786, 'China Industrial Bank', TO_DATE('2020-05-12 10:25:00','YYYY-MM-DD HH24:MI:SS'), 5000.00, 'withdrawal' ); 

INSERT INTO TRANSACTION VALUES( 1153456711, 'China Merchants Bank', TO_DATE('2018-03-15 10:25:00','YYYY-MM-DD HH24:MI:SS'), 10000.00, 'deposit' );
INSERT INTO TRANSACTION VALUES( 1153456711, 'China Merchants Bank', TO_DATE('2020-05-15 10:25:00','YYYY-MM-DD HH24:MI:SS'), 600.00, 'withdrawal' ); 
 
INSERT INTO TRANSACTION VALUES( 2123453713, 'China Merchants Bank', TO_DATE('2019-04-15 10:25:00','YYYY-MM-DD HH24:MI:SS'), 10000.00, 'deposit' );
INSERT INTO TRANSACTION VALUES( 2123453713, 'China Merchants Bank', TO_DATE('2019-10-15 10:25:00','YYYY-MM-DD HH24:MI:SS'), 10000.00, 'deposit' );  

INSERT INTO TRANSACTION VALUES( 0963456721, 'China Merchants Bank', TO_DATE('2018-11-30 10:25:00','YYYY-MM-DD HH24:MI:SS'), 10000.00, 'deposit' );
INSERT INTO TRANSACTION VALUES( 0963456721, 'China Merchants Bank', TO_DATE('2019-12-15 10:25:00','YYYY-MM-DD HH24:MI:SS'), 10000.00, 'deposit' );  
INSERT INTO TRANSACTION VALUES( 0963456721, 'China Merchants Bank', TO_DATE('2020-10-10 10:25:00','YYYY-MM-DD HH24:MI:SS'), 10000.00, 'withdrawal' );

INSERT INTO TRANSACTION VALUES( 0593456725, 'China Construction Bank', TO_DATE('2020-01-15 10:25:00','YYYY-MM-DD HH24:MI:SS'), 10000.00, 'deposit' );  
INSERT INTO TRANSACTION VALUES( 0593456725, 'China Construction Bank', TO_DATE('2021-01-18 10:25:00','YYYY-MM-DD HH24:MI:SS'), 10000.00, 'withdrawal' );

INSERT INTO TRANSACTION VALUES( 0313345681, 'China Construction Bank', TO_DATE('2016-09-15 10:25:00','YYYY-MM-DD HH24:MI:SS'), 50000.00, 'deposit' );  
INSERT INTO TRANSACTION VALUES( 0313345681, 'China Construction Bank', TO_DATE('2021-01-15 10:25:00','YYYY-MM-DD HH24:MI:SS'), 30000.00, 'withdrawal' );

INSERT INTO TRANSACTION VALUES( 5122456739, 'China Construction Bank', TO_DATE('2017-11-15 10:25:00','YYYY-MM-DD HH24:MI:SS'), 40000.00, 'deposit' );  
INSERT INTO TRANSACTION VALUES( 5122456739, 'China Construction Bank', TO_DATE('2021-01-18 10:25:00','YYYY-MM-DD HH24:MI:SS'), 20000.00, 'withdrawal' );

INSERT INTO TRANSACTION VALUES( 2123356710, 'National China Bank', TO_DATE('2019-11-10 10:25:00','YYYY-MM-DD HH24:MI:SS'), 10000.00, 'deposit' );  
INSERT INTO TRANSACTION VALUES( 2123356710, 'National China Bank', TO_DATE('2021-01-18 10:25:00','YYYY-MM-DD HH24:MI:SS'), 8000.00, 'withdrawal' );

INSERT INTO TRANSACTION VALUES( 1123455701, 'National China Bank', TO_DATE('2017-06-05 10:25:00','YYYY-MM-DD HH24:MI:SS'), 10000.00, 'deposit' );  
INSERT INTO TRANSACTION VALUES( 1123455701, 'National China Bank', TO_DATE('2020-11-18 10:25:00','YYYY-MM-DD HH24:MI:SS'), 3000.00, 'withdrawal' );

INSERT INTO TRANSACTION VALUES( 9123456689, 'National China Bank', TO_DATE('2016-09-10 10:25:00','YYYY-MM-DD HH24:MI:SS'), 6000.00, 'deposit' );  
INSERT INTO TRANSACTION VALUES( 9123456689, 'National China Bank', TO_DATE('2020-09-15 10:25:00','YYYY-MM-DD HH24:MI:SS'), 5000.00, 'withdrawal' );

INSERT INTO TRANSACTION VALUES( 0123456779, 'National Australia Bank', TO_DATE('2019-06-10 10:25:00','YYYY-MM-DD HH24:MI:SS'), 15000.00, 'deposit' );  
INSERT INTO TRANSACTION VALUES( 0123456779, 'National Australia Bank', TO_DATE('2021-01-10 10:25:00','YYYY-MM-DD HH24:MI:SS'), 5000.00, 'withdrawal' );

INSERT INTO TRANSACTION VALUES( 4123456788, 'National Australia Bank', TO_DATE('2017-09-15 10:25:00','YYYY-MM-DD HH24:MI:SS'), 25000.00, 'deposit' );  
INSERT INTO TRANSACTION VALUES( 4123456788, 'National Australia Bank', TO_DATE('2020-01-22 10:25:00','YYYY-MM-DD HH24:MI:SS'),10000.00, 'withdrawal' );

INSERT INTO TRANSACTION VALUES( 0123456789, 'China Construction Bank', TO_DATE('2015-03-15 10:25:00','YYYY-MM-DD HH24:MI:SS'), 60000.00, 'deposit' );  
INSERT INTO TRANSACTION VALUES( 0123456789, 'China Construction Bank', TO_DATE('2020-01-22 10:25:00','YYYY-MM-DD HH24:MI:SS'),30000.00, 'withdrawal' );
/* ~~~~~~~~~~~~~~~~~~~~~~~~~~~~~~~~~~~~~~~~~~~~~~~~~~~~~~~~~~~~~~~~~~~~~~~~~~~~~~~~~~~~~~~~~~~~~~~~~~ */
/* ~~~~~~~~~~~~~~~~~~~~~~~~~~~~~~~~~~~~~~~~~~~~~~~~~~~~~~~~~~~~~~~~~~~~~~~~~~~~~~~~~~~~~~~~~~~~~~~~~~ */
